{
    "predicted_ms": 984906411.7958508,
    "minutes": 16415.10686326418
}